{
	"credit": "Made with Blockbench",
	"parent": "block/cube",
	"textures": {
		"1": "custom/dropper_dispenser/dispenser_side",
		"2": "custom/dropper_dispenser/dispenser_front",
		"3": "custom/dropper_dispenser/top",
		"particle": "custom/dropper_dispenser/dispenser_side"
	},
	"elements": [
		{
			"from": [0, 0, 0],
			"to": [16, 16, 16],
			"faces": {
				"north": {"uv": [0, 0, 16, 16], "texture": "#1", "cullface": "north"},
				"east": {"uv": [0, 0, 16, 16], "texture": "#1", "cullface": "east"},
				"south": {"uv": [0, 0, 16, 16], "texture": "#1", "cullface": "south"},
				"west": {"uv": [0, 0, 16, 16], "texture": "#1", "cullface": "west"},
				"up": {"uv": [0, 0, 16, 16], "texture": "#2", "cullface": "up"},
				"down": {"uv": [0, 0, 16, 16], "texture": "#3", "cullface": "down"}
			}
		}
	]
}